index,A1,A2,A3,A4,A5,A6,A7,A8,A9,A10,A11,A12,A13,A14,A15,A16
0,a,>37.75,2.75-7.3125,u,g,q,h,>2.646,t,t,3-7,f,g,<160,400-3000,+
1,a,22.42-37.75,<2.75,u,g,q,h,1-2.646,t,f,<3,f,g,>272,400-3000,+
2,b,22.42-37.75,<2.75,u,g,w,v,>2.646,t,t,3-7,t,g,<160,<400,+
3,b,<22.42,2.75-7.3125,u,g,w,v,1-2.646,t,f,<3,f,s,<160,<400,+
4,b,22.42-37.75,2.75-7.3125,u,g,m,v,1-2.646,t,f,<3,t,g,>272,<400,+
5,a,22.42-37.75,>7.3125,u,g,cc,v,<1,t,f,<3,f,g,<160,400-3000,+
6,b,>37.75,<2.75,y,p,k,h,>2.646,t,f,<3,f,g,160-272,<400,+
7,b,>37.75,2.75-7.3125,y,p,w,v,>2.646,t,f,<3,t,g,<160,400-3000,+
8,b,<22.42,<2.75,u,g,c,h,1-2.646,f,f,<3,t,g,<160,<400,+
9,b,22.42-37.75,<2.75,u,g,c,h,>2.646,t,f,<3,f,g,160-272,<400,+
10,a,>37.75,2.75-7.3125,u,g,k,v,<1,t,f,<3,t,g,<160,<400,+
11,b,>37.75,2.75-7.3125,u,g,k,v,<1,f,f,<3,f,g,<160,400-3000,+
12,a,>37.75,>7.3125,u,g,q,v,>2.646,t,t,3-7,t,g,<160,<400,+
13,b,22.42-37.75,2.75-7.3125,y,p,k,v,<1,t,t,>7,t,g,>272,<400,+
14,b,22.42-37.75,<2.75,u,g,m,v,<1,t,t,>7,t,g,>272,<400,+
15,a,22.42-37.75,2.75-7.3125,u,g,q,v,>2.646,t,t,>7,f,g,<160,<400,+
16,b,<22.42,<2.75,u,g,d,h,<1,t,f,<3,t,g,<160,<400,+
17,a,<22.42,>7.3125,u,g,cc,h,<1,t,t,3-7,f,g,<160,<400,+
18,b,22.42-37.75,>7.3125,u,g,c,v,1-2.646,t,t,>7,f,g,160-272,400-3000,+
19,b,22.42-37.75,<2.75,u,g,c,v,<1,t,f,<3,f,s,>272,<400,+
20,a,>37.75,>7.3125,u,g,c,v,>2.646,t,t,3-7,t,g,<160,400-3000,+
21,a,22.42-37.75,>7.3125,u,g,x,h,>2.646,t,t,<3,f,g,<160,<400,+
22,a,>37.75,2.75-7.3125,u,g,q,v,<1,t,t,>7,t,g,<160,<400,+
23,a,<22.42,<2.75,u,g,c,h,1-2.646,t,t,<3,f,g,<160,<400,+
24,a,>37.75,>7.3125,u,g,i,bb,>2.646,t,t,>7,t,g,<160,<400,+
25,b,>37.75,>7.3125,u,g,d,bb,>2.646,t,t,>7,t,g,<160,<400,+
26,b,>37.75,>7.3125,u,g,e,h,>2.646,t,t,>7,f,g,<160,<400,+
27,b,>37.75,<2.75,u,g,w,v,>2.646,t,t,3-7,t,g,>272,>3000,+
28,b,22.42-37.75,>7.3125,u,g,aa,v,>2.646,t,t,3-7,t,g,160-272,<400,+
29,b,>37.75,>7.3125,u,g,x,h,>2.646,t,t,>7,f,g,<160,<400,+
30,b,>37.75,>7.3125,u,g,i,bb,>2.646,t,t,>7,t,g,<160,>3000,+
31,a,22.42-37.75,2.75-7.3125,u,g,e,v,>2.646,t,f,<3,t,g,<160,>3000,+
32,a,22.42-37.75,>7.3125,u,g,q,v,<1,t,t,3-7,t,g,<160,400-3000,+
33,b,22.42-37.75,<2.75,u,g,w,v,1-2.646,t,t,>7,t,g,>272,<400,+
34,b,22.42-37.75,<2.75,u,g,cc,h,1-2.646,t,t,>7,t,g,>272,400-3000,+
35,a,22.42-37.75,>7.3125,u,g,x,h,<1,t,t,<3,t,g,>272,400-3000,+
36,b,22.42-37.75,<2.75,y,p,cc,v,<1,t,t,<3,f,g,160-272,400-3000,+
37,b,>37.75,>7.3125,u,g,ff,ff,>2.646,t,t,>7,t,g,<160,<400,+
38,b,22.42-37.75,>7.3125,u,g,c,v,>2.646,t,t,>7,t,g,<160,<400,+
39,b,22.42-37.75,>7.3125,u,g,c,h,>2.646,t,t,>7,f,g,<160,400-3000,+
40,b,22.42-37.75,<2.75,u,g,w,h,<1,t,t,<3,f,g,160-272,<400,+
41,b,>37.75,>7.3125,u,g,w,v,>2.646,t,t,3-7,t,g,<160,<400,+
42,b,>37.75,>7.3125,y,p,c,v,>2.646,t,t,>7,f,g,<160,<400,+
43,b,>37.75,2.75-7.3125,u,g,c,h,1-2.646,t,t,>7,t,g,<160,<400,+
44,a,>37.75,<2.75,y,p,q,h,<1,t,t,>7,t,g,>272,400-3000,+
45,b,22.42-37.75,2.75-7.3125,u,g,cc,h,>2.646,t,t,>7,f,g,>272,<400,+
46,b,>37.75,<2.75,u,g,i,bb,>2.646,f,f,<3,f,g,160-272,<400,+
47,b,22.42-37.75,<2.75,u,g,c,v,<1,f,f,<3,f,g,<160,<400,+
48,a,22.42-37.75,<2.75,u,g,c,h,<1,t,f,<3,t,g,>272,<400,+
49,b,22.42-37.75,<2.75,u,g,q,v,1-2.646,t,f,<3,t,g,>272,<400,+
50,b,22.42-37.75,<2.75,u,g,w,v,<1,t,f,<3,t,g,>272,>3000,+
51,b,22.42-37.75,<2.75,u,g,w,v,<1,t,f,<3,t,g,160-272,<400,+
52,b,22.42-37.75,2.75-7.3125,u,g,cc,h,>2.646,t,f,<3,t,g,<160,<400,+
53,b,22.42-37.75,>7.3125,y,p,w,v,<1,t,f,<3,t,g,160,<400,+
54,b,22.42-37.75,<2.75,u,g,cc,v,<1,t,f,<3,f,g,<160,<400,+
55,b,>37.75,<2.75,u,g,i,h,>2.646,t,f,<3,t,g,>272,<400,+
56,b,22.42-37.75,2.75-7.3125,u,g,x,h,>2.646,f,f,<3,t,s,>272,<400,+
57,b,>37.75,2.75-7.3125,u,g,q,h,>2.646,t,t,>7,f,g,<160,<400,+
58,b,>37.75,>7.3125,u,g,m,v,1-2.646,t,t,3-7,t,g,160-272,<400,+
59,b,22.42-37.75,>7.3125,u,g,d,v,>2.646,t,t,>7,f,g,160-272,400-3000,+
60,a,22.42-37.75,<2.75,y,p,q,v,1-2.646,t,t,<3,t,g,<160,400,+
61,a,<22.42,<2.75,u,g,q,v,1-2.646,t,t,<3,f,g,<160,<400,+
62,b,22.42-37.75,2.75-7.3125,u,g,cc,v,>2.646,t,t,<3,t,g,<160,<400,+
63,b,22.42-37.75,<2.75,u,g,cc,v,1-2.646,t,t,<3,t,g,>272,>3000,+
64,a,22.42-37.75,<2.75,u,g,c,v,1-2.646,t,t,>7,f,g,<160,400-3000,+
65,b,22.42-37.75,<2.75,u,g,m,v,<1,t,t,>7,f,g,160-272,>3000,+
66,b,<22.42,2.75-7.3125,u,g,w,h,1-2.646,t,t,3-7,f,g,<160,400-3000,+
67,b,22.42-37.75,>7.3125,u,g,x,h,1-2.646,t,t,<3,t,g,>272,400-3000,+
68,b,22.42-37.75,>7.3125,u,g,e,bb,1-2.646,t,f,<3,t,s,>272,<400,-
69,b,22.42-37.75,2.75-7.3125,u,g,d,bb,>2.646,t,f,<3,t,g,160,<400,-
70,a,>37.75,2.75-7.3125,u,g,cc,v,>2.646,t,f,<3,t,g,>272,<400,-
71,b,>37.75,<2.75,u,g,m,v,>2.646,t,f,<3,f,s,>272,<400,-
72,b,>37.75,2.75-7.3125,y,p,c,v,1-2.646,f,f,<3,f,g,160,<400,-
73,b,<22.42,2.75-7.3125,u,g,q,v,<1,t,t,<3,f,g,160,<400,-
74,b,22.42-37.75,2.75-7.3125,u,g,aa,v,<1,t,f,<3,t,g,>272,<400,-
75,a,<22.42,<2.75,y,p,aa,v,<1,t,f,<3,t,g,160,<400,-
76,b,<22.42,<2.75,y,p,k,v,1-2.646,t,t,<3,f,g,160-272,<400,-
77,b,<22.42,>7.3125,u,g,c,v,<1,t,f,<3,f,g,<160,<400,-
78,b,>37.75,>7.3125,u,g,ff,ff,<1,t,t,<3,f,g,<160,<400,-
79,a,22.42-37.75,<2.75,u,g,m,v,1-2.646,t,f,<3,f,s,>272,<400,-
80,b,>37.75,<2.75,u,g,m,v,<1,t,f,<3,f,s,>272,<400,-
81,a,22.42-37.75,2.75-7.3125,u,g,d,v,>2.646,t,f,<3,t,g,>272,<400,-
82,b,22.42-37.75,<2.75,u,g,aa,v,<1,t,f,<3,t,g,160-272,<400,-
83,b,22.42-37.75,2.75-7.3125,u,g,c,bb,>2.646,t,f,<3,t,s,>272,<400,-
84,b,22.42-37.75,<2.75,u,g,d,v,<1,t,f,<3,t,s,>272,<400,-
85,b,22.42-37.75,<2.75,y,p,aa,v,>2.646,t,f,<3,f,g,160-272,<400,-
86,b,22.42-37.75,2.75-7.3125,u,g,aa,v,<1,t,f,<3,t,g,160-272,<400,-
87,a,>37.75,<2.75,u,g,j,j,<1,t,f,<3,t,g,<160,<400,-
88,b,>37.75,>7.3125,y,p,c,h,>2.646,t,f,<3,f,g,<160,<400,-
89,b,22.42-37.75,>7.3125,u,g,c,v,<1,t,f,<3,f,g,<160,<400,-
90,b,22.42-37.75,2.75-7.3125,y,p,aa,v,>2.646,t,f,<3,f,g,<160,<400,-
91,b,>37.75,<2.75,y,p,c,h,>2.646,t,f,<3,t,g,160-272,<400,-
92,b,22.42-37.75,<2.75,y,p,c,v,1-2.646,t,f,<3,t,g,<160,<400,-
93,a,22.42-37.75,2.75-7.3125,u,g,i,bb,<1,t,f,<3,t,g,160-272,<400,-
94,b,22.42-37.75,<2.75,y,p,aa,v,<1,t,f,<3,f,g,160-272,<400,-
95,b,22.42-37.75,<2.75,u,g,c,bb,<1,t,f,<3,t,s,>272,<400,-
96,a,22.42-37.75,>7.3125,y,p,q,v,>2.646,t,f,<3,t,g,160-272,<400,-
97,a,22.42-37.75,<2.75,u,g,q,v,<1,t,t,<3,t,g,160-272,400-3000,-
98,b,22.42-37.75,<2.75,y,p,c,bb,<1,t,f,<3,t,g,160-272,400,-
99,b,22.42-37.75,>7.3125,y,p,c,v,>2.646,t,f,<3,f,g,<160,<400,-
100,b,<22.42,2.75-7.3125,u,g,q,v,<1,t,t,<3,f,g,<160,<400,-
101,b,22.42-37.75,>7.3125,u,g,k,v,1-2.646,t,t,<3,t,g,<160,<400,-
102,b,22.42-37.75,2.75-7.3125,y,p,i,h,>2.646,t,t,<3,t,g,<160,<400,-
103,b,>37.75,>7.3125,u,g,e,z,<1,t,t,>7,f,g,<160,<400,-
104,b,22.42-37.75,<2.75,u,g,k,v,<1,t,f,<3,f,s,>272,<400,-
105,a,22.42-37.75,>7.3125,y,p,aa,v,>2.646,t,f,<3,f,g,<160,<400,-
106,b,>37.75,<2.75,y,p,x,h,>2.646,t,f,<3,t,g,160-272,<400,-
107,a,<22.42,<2.75,u,g,c,v,<1,t,t,3-7,t,g,<160,<400,-
108,b,22.42-37.75,2.75-7.3125,u,g,w,v,>2.646,t,t,>7,t,g,>272,<400,-
109,a,22.42-37.75,<2.75,y,p,ff,ff,<1,t,t,>7,f,g,160-272,<400,-
110,b,22.42-37.75,>7.3125,u,g,w,v,<1,t,f,<3,t,g,160-272,<400,-
111,a,22.42-37.75,<2.75,u,g,k,bb,<1,t,t,>7,t,g,160-272,<400,-
112,b,<22.42,<2.75,y,p,c,h,1-2.646,t,t,>7,t,g,<160,<400,-
113,a,22.42-37.75,<2.75,u,g,q,v,1-2.646,t,t,<3,f,g,160-272,<400,-
114,b,22.42-37.75,2.75-7.3125,u,g,q,h,>2.646,t,t,3-7,t,g,>272,<400,-
115,b,>37.75,2.75-7.3125,u,g,k,v,>2.646,t,t,>7,f,g,<160,>3000,+
116,b,>37.75,2.75-7.3125,u,g,m,v,>2.646,t,t,3-7,t,g,>272,400-3000,+
117,a,<22.42,>7.3125,u,g,cc,h,<1,t,t,<3,t,g,<160,<400,+
118,b,>37.75,2.75-7.3125,u,g,q,v,<1,t,t,<3,f,g,160-272,<400,+
119,b,22.42-37.75,>7.3125,u,g,cc,v,1-2.646,t,t,>7,t,g,<160,<400,+
120,a,22.42-37.75,>7.3125,u,g,aa,v,1-2.646,t,t,>7,t,g,<160,400-3000,+
121,a,>37.75,2.75-7.3125,u,g,q,v,>2.646,t,t,>7,t,g,<160,<400,+
122,a,22.42-37.75,>7.3125,u,g,q,v,>2.646,t,t,3-7,t,g,<160,<400,+
123,b,22.42-37.75,2.75-7.3125,u,g,x,h,>2.646,t,t,3-7,t,g,<160,400-3000,+
124,b,>37.75,<2.75,u,g,m,bb,1-2.646,t,t,>7,t,g,>272,400-3000,+
125,b,22.42-37.75,>7.3125,u,g,q,v,1-2.646,t,t,3-7,t,g,<160,400-3000,+
126,b,22.42-37.75,2.75-7.3125,u,g,i,bb,>2.646,t,t,<3,f,g,>272,400-3000,+
127,a,22.42-37.75,2.75-7.3125,u,g,w,v,<1,t,f,<3,f,s,>272,<400,+
128,b,>37.75,2.75-7.3125,u,g,e,z,>2.646,t,t,<3,t,g,<160,<400,+
129,b,<22.42,<2.75,u,g,c,v,1-2.646,t,t,<3,f,g,<160,<400,+
130,a,>37.75,>7.3125,u,g,e,bb,>2.646,t,t,3-7,f,g,>272,>3000,+
131,b,22.42-37.75,2.75-7.3125,u,g,c,bb,1-2.646,t,t,3-7,f,g,<160,<400,+
132,b,22.42-37.75,2.75-7.3125,u,g,q,h,>2.646,t,t,>7,t,g,>272,400-3000,+
133,b,>37.75,2.75-7.3125,u,g,q,h,>2.646,t,f,<3,t,g,>272,<400,+
134,b,>37.75,<2.75,y,p,aa,v,<1,t,t,>7,f,g,160-272,400-3000,+
135,b,22.42-37.75,2.75,u,g,m,v,>2.646,t,t,3-7,f,g,160-272,<400,+
136,a,<22.42,>7.3125,u,g,w,v,1-2.646,t,t,3-7,t,g,<160,400-3000,+
137,a,22.42-37.75,>7.3125,u,g,q,h,>2.646,t,t,<3,f,g,<160,>3000,+
138,a,22.42-37.75,2.75-7.3125,u,g,cc,h,<1,t,t,>7,t,g,160-272,<400,+
139,a,>37.75,>7.3125,u,g,j,ff,<1,t,t,>7,f,g,<160,<400,+
140,b,>37.75,<2.75,y,p,cc,h,1-2.646,t,t,>7,f,g,<160,<400,+
141,b,<22.42,>7.3125,u,g,w,v,1-2.646,t,t,<3,f,g,<160,<400,+
142,b,22.42-37.75,<2.75,u,g,cc,h,>2.646,t,t,>7,f,g,>272,400-3000,+
143,b,22.42-37.75,<2.75,u,g,cc,h,>2.646,t,t,3-7,f,g,160,400-3000,+
144,b,22.42-37.75,<2.75,u,g,q,v,1-2.646,t,t,>7,t,g,<160,400-3000,+
145,a,>37.75,>7.3125,y,p,q,h,>2.646,t,t,>7,f,g,<160,400-3000,+
146,a,22.42-37.75,2.75-7.3125,u,g,c,bb,>2.646,t,t,3-7,t,g,<160,>3000,+
147,a,>37.75,>7.3125,u,g,c,v,>2.646,t,t,>7,f,g,<160,400-3000,+
148,a,>37.75,<2.75,u,g,cc,h,<1,t,t,>7,t,g,>272,<400,+
149,a,>37.75,>7.3125,u,g,q,v,>2.646,t,t,>7,f,g,<160,400-3000,+
150,b,22.42-37.75,2.75-7.3125,u,g,m,h,>2.646,t,t,>7,t,g,<160,<400,+
151,b,22.42-37.75,<2.75,u,g,c,v,1-2.646,t,t,>7,t,g,<160,400-3000,+
152,b,22.42-37.75,<2.75,u,g,cc,h,>2.646,t,t,>7,t,g,<160,<400,+
153,a,<22.42,>7.3125,y,p,j,j,<1,t,t,>7,t,g,<160,<400,+
154,a,22.42-37.75,2.75-7.3125,y,p,x,h,1-2.646,t,t,<3,f,g,<160,<400,+
155,a,>37.75,>7.3125,u,g,e,z,<1,t,t,>7,f,g,<160,>3000,+
156,b,22.42-37.75,<2.75,u,g,k,h,>2.646,t,t,<3,t,g,160-272,<400,+
157,b,22.42-37.75,<2.75,y,p,m,bb,<1,t,t,<3,t,g,>272,400-3000,+
158,b,22.42-37.75,<2.75,u,g,x,h,<1,t,t,3-7,f,g,<160,>3000,+
159,b,>37.75,<2.75,u,g,m,v,1-2.646,t,t,<3,t,g,<160,<400,+
160,b,22.42-37.75,<2.75,u,g,x,v,1-2.646,t,t,<3,t,g,>272,<400,+
161,b,22.42-37.75,<2.75,y,p,e,h,<1,t,f,<3,t,g,>272,<400,+
162,a,>37.75,>7.3125,u,g,q,v,>2.646,t,f,<3,t,g,<160,>3000,+
163,a,>37.75,>7.3125,u,g,q,h,1-2.646,t,f,<3,f,g,<160,400-3000,+
164,b,<22.42,>7.3125,u,g,q,v,<1,t,f,<3,t,g,<160,400,+
165,a,22.42-37.75,<2.75,u,g,cc,v,<1,t,f,<3,f,g,>272,>3000,+
166,b,22.42-37.75,2.75-7.3125,u,g,q,h,>2.646,t,f,<3,t,g,<160,400-3000,+
167,b,22.42-37.75,<2.75,y,p,d,v,1-2.646,f,f,<3,t,g,>272,<400,+
168,a,22.42-37.75,<2.75,y,p,aa,v,<1,t,f,<3,t,g,>272,<400,+
169,b,>37.75,<2.75,u,g,c,bb,>2.646,t,f,<3,f,g,<160,<400,+
170,b,>37.75,>7.3125,u,g,k,h,>2.646,t,f,<3,t,g,<160,400-3000,+
171,a,>37.75,>7.3125,u,g,k,h,>2.646,t,f,<3,t,g,<160,<400,+
172,b,22.42-37.75,>7.3125,u,g,q,h,1-2.646,t,f,<3,f,g,<160,<400,+
173,b,22.42-37.75,<2.75,y,p,w,v,<1,t,f,<3,t,g,160-272,400-3000,+
174,b,22.42-37.75,>7.3125,u,g,aa,v,>2.646,t,f,<3,t,s,<160,<400,+
175,a,22.42-37.75,>7.3125,u,g,aa,v,1-2.646,t,f,<3,f,g,160,<400,+
176,a,<22.42,>7.3125,u,g,q,v,1-2.646,t,t,3-7,f,g,<160,400-3000,+
177,b,<22.42,>7.3125,u,g,aa,v,1-2.646,t,t,>7,f,g,<160,<400,+
178,b,>37.75,<2.75,u,g,c,bb,>2.646,t,t,>7,f,g,<160,>3000,+
179,a,<22.42,<2.75,u,g,i,bb,<1,t,t,3-7,f,s,<160,<400,+
180,a,<22.42,2.75-7.3125,u,g,q,v,<1,t,t,>7,f,g,<160,<400,+
181,a,>37.75,>7.3125,u,g,c,v,>2.646,t,t,3-7,f,g,<160,400-3000,+
182,a,22.42,2.75-7.3125,u,g,q,v,1-2.646,t,t,3-7,f,g,<160,>3000,+
183,b,>37.75,>7.3125,u,g,c,h,>2.646,t,t,>7,f,g,160-272,400-3000,+
184,b,>37.75,2.75-7.3125,u,g,aa,bb,>2.646,t,t,<3,f,g,<160,400-3000,+
185,b,>37.75,2.75-7.3125,u,g,c,v,>2.646,t,t,3-7,f,g,<160,>3000,+
186,a,22.42-37.75,<2.75,u,g,c,v,1-2.646,t,t,3-7,t,g,>272,400-3000,+
187,a,22.42-37.75,2.75-7.3125,u,g,q,h,1-2.646,t,t,<3,f,g,<160,<400,+
188,b,<22.42,>7.3125,u,g,c,v,>2.646,t,f,<3,t,g,<160,<400,+
189,b,>37.75,<2.75,u,g,i,h,>2.646,t,f,<3,f,g,>272,<400,+
190,b,>37.75,<2.75,u,g,x,v,1-2.646,t,f,<3,f,g,>272,400-3000,+
191,b,22.42-37.75,<2.75,y,p,w,v,>2.646,t,t,3-7,f,g,<160,<400,+
192,b,22.42-37.75,2.75-7.3125,y,p,i,bb,>2.646,t,t,3-7,t,g,160-272,<400,+
193,b,22.42-37.75,2.75-7.3125,y,p,c,bb,1-2.646,t,t,>7,t,g,<160,<400,+
194,b,22.42-37.75,2.75-7.3125,y,p,x,v,>2.646,t,t,>7,t,g,>272,<400,+
195,b,>37.75,>7.3125,u,g,w,h,>2.646,t,t,>7,f,g,<160,400-3000,+
196,b,22.42-37.75,<2.75,y,p,aa,v,1-2.646,t,t,>7,t,g,>272,400-3000,+
197,b,22.42-37.75,>7.3125,u,g,x,v,<1,t,t,>7,f,g,<160,<400,+
198,a,22.42-37.75,<2.75,u,g,q,h,1-2.646,t,t,<3,f,g,<160,400-3000,+
199,a,>37.75,<2.75,u,g,i,bb,1-2.646,t,f,<3,t,g,<160,<400,+
200,b,22.42-37.75,2.75,u,g,c,v,1-2.646,t,t,3-7,f,g,160,400-3000,+
201,a,<22.42,>7.3125,u,g,q,v,<1,t,t,<3,t,g,<160,<400,+
202,b,22.42-37.75,<2.75,y,p,w,v,<1,t,t,<3,f,g,<160,400-3000,+
203,a,22.42-37.75,>7.3125,u,g,q,h,>2.646,t,t,>7,f,g,<160,>3000,+
204,b,22.42-37.75,>7.3125,u,g,q,h,>2.646,t,t,3-7,f,g,>272,<400,+
205,b,22.42-37.75,<2.75,u,g,k,v,>2.646,t,t,3-7,f,g,<160,400-3000,+
206,b,>37.75,2.75-7.3125,u,g,c,bb,>2.646,t,t,>7,f,g,<160,400-3000,+
207,b,>37.75,2.75-7.3125,u,g,cc,h,>2.646,t,t,>7,t,g,>272,<400,+
208,b,22.42-37.75,2.75-7.3125,y,p,d,v,>2.646,t,f,<3,t,s,<160,<400,+
209,b,>37.75,>7.3125,u,g,ff,ff,>2.646,t,t,>7,t,g,<160,400-3000,+
210,b,22.42-37.75,>7.3125,u,g,i,v,>2.646,t,t,>7,f,g,<160,400-3000,+
211,b,22.42-37.75,<2.75,y,p,cc,v,>2.646,t,t,<3,f,g,160-272,<400,+
212,b,>37.75,2.75-7.3125,u,g,aa,v,>2.646,t,f,<3,f,s,160-272,<400,+
213,b,>37.75,2.75-7.3125,u,g,cc,h,>2.646,t,t,>7,f,g,>272,<400,+
214,b,>37.75,>7.3125,u,g,ff,ff,>2.646,t,t,3-7,f,g,<160,>3000,+
215,b,>37.75,>7.3125,u,g,e,v,>2.646,t,t,3-7,f,g,<160,<400,+
216,a,<22.42,>7.3125,y,p,c,v,<1,t,t,3-7,t,g,<160,400-3000,+
217,a,>37.75,>7.3125,u,g,aa,v,1-2.646,t,t,>7,t,g,<160,<400,+
218,b,>37.75,>7.3125,u,g,e,z,>2.646,t,t,3-7,t,g,<160,<400,+
219,a,<22.42,>7.3125,u,g,aa,v,1-2.646,t,f,<3,t,g,<160,<400,+
220,a,<22.42,>7.3125,u,g,aa,v,<1,t,f,<3,f,g,<160,<400,+
221,a,22.42-37.75,2.75-7.3125,u,g,q,v,<1,t,f,<3,t,g,160-272,<400,+
222,b,22.42-37.75,2.75-7.3125,u,g,c,bb,<1,t,f,<3,t,g,160,<400,+
223,b,<22.42,2.75-7.3125,u,g,k,v,<1,t,f,<3,f,g,<160,<400,+
224,a,22.42-37.75,>7.3125,y,p,x,v,1-2.646,f,f,<3,f,g,160-272,<400,+
225,b,<22.42,<2.75,u,g,q,v,1-2.646,t,t,<3,t,g,<160,<400,+
226,b,<22.42,>7.3125,u,g,cc,v,<1,t,f,<3,f,g,<160,<400,+
227,b,22.42-37.75,2.75-7.3125,u,g,cc,v,<1,t,t,3-7,f,g,<160,>3000,+
228,a,>37.75,2.75-7.3125,u,g,x,v,>2.646,t,t,<3,t,g,>272,400-3000,+
229,b,22.42-37.75,<2.75,u,g,x,h,>2.646,t,t,3-7,t,g,160-272,400-3000,+
230,b,22.42-37.75,>7.3125,u,g,w,v,>2.646,t,f,<3,t,g,>272,400-3000,+
231,a,>37.75,>7.3125,u,g,i,bb,>2.646,t,t,>7,f,g,<160,>3000,+
232,a,<22.42,<2.75,u,g,q,v,1-2.646,t,t,3-7,f,g,160-272,400-3000,+
233,b,22.42-37.75,<2.75,u,g,i,bb,<1,t,f,<3,t,g,<160,<400,+
234,b,<22.42,>7.3125,u,g,aa,v,1-2.646,t,t,<3,f,g,<160,>3000,+
235,b,>37.75,2.75-7.3125,u,g,q,v,>2.646,t,f,<3,f,s,<160,<400,+
236,b,>37.75,>7.3125,u,g,x,v,1-2.646,t,t,3-7,f,g,>272,<400,+
237,b,<22.42,>7.3125,y,p,c,v,1-2.646,t,f,<3,f,s,<160,<400,+
238,b,>37.75,>7.3125,u,g,w,v,1-2.646,t,t,>7,f,g,<160,<400,+
239,b,22.42-37.75,2.75-7.3125,u,g,w,v,>2.646,t,f,<3,t,g,<160,<400,+
240,a,<22.42,>7.3125,u,g,q,v,>2.646,t,t,3-7,f,g,160,>3000,+
241,b,<22.42,<2.75,u,g,i,v,1-2.646,t,t,<3,f,g,<160,<400,+
242,b,22.42-37.75,2.75-7.3125,y,p,c,h,1-2.646,t,t,<3,t,g,160-272,>3000,+
243,b,>37.75,>7.3125,u,g,cc,h,>2.646,t,t,<3,t,g,<160,400-3000,+
244,a,<22.42,<2.75,u,g,q,h,<1,t,t,>7,f,g,<160,<400,+
245,b,<22.42,>7.3125,u,g,x,v,<1,t,t,3-7,f,g,<160,<400,+
246,b,>37.75,>7.3125,u,g,e,z,>2.646,t,t,>7,f,g,<160,400-3000,+
247,b,>37.75,2.75-7.3125,u,g,q,h,>2.646,t,t,3-7,t,g,>272,<400,+
248,a,<22.42,>7.3125,u,g,x,h,<1,t,t,>7,f,g,<160,400-3000,+
249,b,22.42-37.75,>7.3125,u,g,x,h,<1,t,t,<3,f,g,<160,<400,+
250,b,22.42-37.75,<2.75,u,g,k,v,<1,f,f,<3,f,g,>272,400-3000,-
251,b,<22.42,>7.3125,u,g,c,h,1-2.646,f,f,<3,f,g,>272,<400,-
252,b,<22.42,>7.3125,u,g,c,v,1-2.646,f,f,<3,t,g,<160,<400,-
253,b,<22.42,<2.75,u,g,d,v,<1,f,f,<3,f,g,<160,<400,-
254,a,<22.42,>7.3125,u,g,i,v,<1,f,f,<3,f,g,160-272,400-3000,-
255,a,22.42-37.75,<2.75,y,p,c,v,<1,f,f,<3,f,g,<160,<400,-
256,b,22.42-37.75,<2.75,u,g,d,h,>2.646,f,f,<3,t,g,>272,<400,-
257,a,>37.75,<2.75,y,p,ff,ff,<1,f,f,<3,f,g,<160,<400,-
258,a,<22.42,>7.3125,y,p,x,h,<1,f,f,<3,t,g,<160,<400,-
259,b,>37.75,<2.75,u,g,ff,ff,<1,f,f,<3,f,g,<160,<400,-
260,b,<22.42,<2.75,y,p,c,v,<1,f,f,<3,f,g,<160,400-3000,-
261,a,22.42-37.75,2.75-7.3125,u,g,d,v,1-2.646,f,f,<3,f,g,160-272,<400,-
262,b,>37.75,<2.75,u,g,q,v,<1,t,f,<3,t,g,160-272,<400,+
263,b,22.42-37.75,<2.75,u,g,c,v,1-2.646,f,f,<3,t,g,>272,<400,-
264,b,<22.42,2.75-7.3125,y,p,m,v,<1,f,f,<3,f,g,<160,<400,-
265,b,>37.75,>7.3125,y,p,k,v,<1,f,f,<3,f,g,160,<400,-
266,b,22.42-37.75,<2.75,u,g,cc,h,1-2.646,f,f,<3,t,s,>272,<400,-
267,b,<22.42,2.75-7.3125,u,g,d,v,<1,f,f,<3,f,g,<160,<400,-
268,a,<22.42,2.75-7.3125,u,g,i,h,<1,f,f,<3,f,g,<160,400-3000,-
269,a,<22.42,>7.3125,y,p,q,h,<1,f,f,<3,f,g,>272,<400,-
270,b,22.42-37.75,>7.3125,y,p,ff,ff,<1,f,f,<3,f,g,160,<400,-
271,b,<22.42,<2.75,u,g,m,v,<1,t,f,<3,f,s,160-272,<400,-
272,b,<22.42,<2.75,y,p,c,h,<1,f,f,<3,f,g,>272,<400,-
273,b,22.42-37.75,<2.75,y,p,cc,h,<1,f,f,<3,f,g,160-272,<400,-
274,b,<22.42,2.75-7.3125,u,g,c,v,<1,f,f,<3,f,s,<160,<400,-
275,a,<22.42,<2.75,u,g,q,v,<1,f,t,<3,f,g,<160,<400,-
276,b,22.42-37.75,>7.3125,u,g,c,v,<1,f,t,<3,f,g,<160,>3000,-
277,b,<22.42,>7.3125,u,g,w,h,<1,f,t,<3,f,g,<160,<400,-
278,a,22.42-37.75,<2.75,u,g,ff,ff,<1,f,t,<3,t,g,160-272,<400,-
279,b,22.42-37.75,<2.75,u,g,w,v,<1,f,t,<3,f,g,>272,400-3000,-
280,b,<22.42,<2.75,y,p,c,v,<1,f,t,<3,f,g,160-272,<400,-
281,a,<22.42,<2.75,y,p,j,j,<1,f,f,<3,f,g,160,<400,-
282,b,22.42-37.75,<2.75,u,g,m,v,<1,f,f,<3,t,s,>272,<400,-
283,a,<22.42,>7.3125,u,g,w,v,<1,f,t,<3,f,g,<160,<400,-
284,b,22.42-37.75,<2.75,u,g,w,v,<1,f,t,<3,f,g,160-272,400-3000,-
285,b,22.42-37.75,<2.75,u,g,w,v,<1,f,t,<3,f,g,160-272,<400,-
286,a,<22.42,<2.75,u,g,ff,ff,<1,f,t,<3,f,g,160,<400,-
287,a,22.42-37.75,2.75-7.3125,u,g,ff,ff,>2.646,f,t,<3,t,g,160-272,<400,-
288,b,>37.75,>7.3125,u,g,ff,ff,>2.646,f,t,<3,f,g,<160,<400,-
289,b,22.42-37.75,<2.75,u,g,aa,v,1-2.646,f,t,<3,t,g,>272,<400,-
290,b,<22.42,2.75,u,g,aa,v,<1,f,t,<3,f,g,<160,<400,-
291,b,<22.42,>7.3125,u,g,c,v,>2.646,f,t,<3,t,g,160-272,<400,-
292,a,>37.75,<2.75,u,g,ff,ff,>2.646,f,t,<3,f,g,<160,<400,-
293,b,<22.42,<2.75,u,g,d,v,<1,f,f,<3,t,s,>272,<400,-
294,b,22.42-37.75,<2.75,u,g,c,v,<1,f,f,<3,t,s,>272,<400,-
295,a,<22.42,2.75-7.3125,u,g,q,v,<1,f,f,<3,f,g,<160,<400,-
296,a,22.42-37.75,>7.3125,u,g,q,h,1-2.646,f,f,<3,f,g,>272,<400,-
297,b,>37.75,>7.3125,y,p,ff,ff,<1,t,f,<3,t,g,<160,<400,-
298,b,22.42-37.75,2.75,u,g,ff,ff,>2.646,f,f,<3,f,g,160,<400,-
299,b,<22.42,>7.3125,u,g,ff,ff,<1,f,f,<3,f,g,<160,<400,-
300,b,22.42-37.75,<2.75,u,g,k,h,<1,f,f,<3,t,s,<160,<400,-
301,a,22.42-37.75,2.75-7.3125,y,p,j,j,<1,f,f,<3,f,g,160,<400,-
302,a,22.42-37.75,2.75-7.3125,u,g,w,v,<1,f,f,<3,t,g,>272,<400,-
303,b,<22.42,<2.75,y,p,c,v,1-2.646,f,f,<3,t,g,<160,<400,-
304,a,<22.42,<2.75,u,g,aa,v,<1,f,f,<3,f,g,160-272,<400,-
305,a,<22.42,>7.3125,u,g,d,v,<1,f,f,<3,f,g,<160,<400,-
306,b,<22.42,<2.75,y,p,aa,v,<1,f,f,<3,f,g,<160,<400,-
307,b,22.42-37.75,<2.75,u,g,m,v,<1,t,f,<3,t,s,>272,<400,-
308,b,<22.42,<2.75,y,p,c,h,<1,f,f,<3,f,g,>272,<400,-
309,b,<22.42,<2.75,y,p,m,bb,<1,f,f,<3,t,s,>272,<400,+
310,b,22.42-37.75,<2.75,y,p,c,v,1-2.646,f,f,<3,t,g,160-272,<400,+
311,b,<22.42,<2.75,u,g,w,v,1-2.646,f,f,<3,f,g,<160,<400,+
312,a,<22.42,<2.75,l,gg,cc,ff,>2.646,f,f,<3,t,s,>272,<400,+
313,a,22.42-37.75,<2.75,u,g,cc,v,<1,f,f,<3,f,g,>272,<400,+
314,b,>37.75,<2.75,y,p,k,v,<1,t,t,>7,f,g,>272,400-3000,+
315,b,22.42-37.75,<2.75,u,g,w,v,1-2.646,f,f,<3,f,g,<160,<400,-
316,a,22.42-37.75,<2.75,y,p,x,v,<1,f,f,<3,f,g,>272,<400,-
317,b,22.42-37.75,<2.75,y,p,c,v,<1,f,f,<3,f,g,160-272,<400,-
318,b,22.42-37.75,<2.75,y,p,w,v,>2.646,f,f,<3,f,s,160-272,<400,-
319,b,22.42-37.75,2.75-7.3125,y,p,i,v,<1,f,f,<3,t,g,>272,<400,-
320,a,22.42-37.75,<2.75,y,p,c,v,1-2.646,f,f,<3,t,g,<160,<400,-
321,b,22.42-37.75,<2.75,u,g,c,v,<1,f,f,<3,f,g,>272,<400,-
322,a,22.42-37.75,>7.3125,u,g,d,v,<1,f,f,<3,t,g,160-272,400-3000,-
323,b,22.42-37.75,<2.75,u,g,cc,bb,<1,f,f,<3,f,g,>272,<400,-
324,b,22.42-37.75,<2.75,u,g,q,h,<1,f,f,<3,t,g,160-272,<400,-
325,b,>37.75,2.75-7.3125,u,g,c,v,<1,f,f,<3,t,g,<160,<400,-
326,a,22.42-37.75,<2.75,y,p,i,h,<1,f,f,<3,t,g,160,<400,-
327,a,22.42-37.75,2.75-7.3125,y,p,aa,v,1-2.646,f,f,<3,f,g,160-272,<400,-
328,b,22.42-37.75,2.75-7.3125,u,g,w,v,<1,f,f,<3,t,g,>272,<400,-
329,a,>37.75,2.75-7.3125,u,g,c,v,>2.646,f,f,<3,f,g,>272,<400,-
330,b,>37.75,2.75-7.3125,u,g,aa,v,<1,f,f,<3,f,g,<160,<400,-
331,b,22.42-37.75,<2.75,u,g,i,bb,<1,f,f,<3,t,g,>272,>3000,-
332,b,22.42-37.75,2.75,u,g,i,bb,<1,f,f,<3,f,g,160-272,<400,-
333,b,>37.75,<2.75,u,g,k,v,<1,f,f,<3,t,g,>272,<400,-
334,b,>37.75,2.75-7.3125,u,g,e,z,<1,f,f,<3,f,g,<160,<400,-
335,b,22.42-37.75,2.75-7.3125,y,p,c,bb,1-2.646,f,f,<3,f,g,160-272,400-3000,-
336,b,>37.75,<2.75,u,g,c,v,<1,t,t,>7,t,g,160-272,<400,-
337,b,22.42-37.75,<2.75,u,g,w,v,1-2.646,f,t,<3,t,g,<160,<400,-
338,a,22.42-37.75,<2.75,u,g,j,j,<1,f,f,<3,t,g,>272,<400,-
339,b,<22.42,<2.75,y,p,ff,ff,<1,f,f,<3,f,g,<160,<400,-
340,b,22.42-37.75,>7.3125,y,p,m,v,1-2.646,f,f,<3,t,g,<160,>3000,-
341,b,22.42-37.75,<2.75,u,g,d,v,<1,f,f,<3,t,s,<160,<400,-
342,b,22.42-37.75,<2.75,u,g,i,v,<1,f,f,<3,t,g,160-272,<400,-
343,a,<22.42,<2.75,u,g,aa,v,<1,f,t,<3,t,g,>272,<400,-
344,b,>37.75,<2.75,u,g,d,v,<1,f,f,<3,f,g,160-272,<400,-
345,a,<22.42,<2.75,u,g,q,v,<1,f,f,<3,t,g,>272,<400,-
346,b,22.42-37.75,2.75-7.3125,u,g,d,v,<1,f,f,<3,t,g,<160,<400,-
347,a,22.42-37.75,2.75-7.3125,u,g,ff,ff,<1,f,f,<3,f,g,160,<400,-
348,a,22.42-37.75,2.75-7.3125,u,g,k,v,>2.646,f,f,<3,t,s,<160,<400,-
349,b,22.42-37.75,<2.75,u,g,ff,ff,<1,f,f,<3,t,g,<160,>3000,-
350,b,22.42-37.75,<2.75,u,g,k,ff,<1,f,f,<3,f,g,<160,<400,-
351,b,<22.42,<2.75,y,p,k,v,<1,f,f,<3,f,s,160-272,<400,-
352,b,>37.75,<2.75,u,g,m,v,>2.646,f,t,<3,t,g,>272,<400,-
353,a,22.42-37.75,2.75-7.3125,u,g,aa,v,<1,f,f,<3,f,g,160-272,400-3000,-
354,b,>37.75,<2.75,y,p,m,v,<1,f,f,<3,f,s,>272,<400,-
355,a,22.42-37.75,>7.3125,y,p,k,h,>2.646,f,f,<3,t,g,<160,<400,-
356,b,22.42-37.75,<2.75,y,p,w,v,>2.646,f,f,<3,t,g,>272,<400,-
357,a,>37.75,2.75-7.3125,u,g,k,h,<1,f,f,<3,t,s,160-272,<400,-
358,b,22.42-37.75,<2.75,u,g,w,v,<1,f,f,<3,f,g,<160,<400,-
359,b,22.42-37.75,>7.3125,u,g,d,v,<1,f,f,<3,f,g,<160,<400,-
360,b,<22.42,<2.75,y,p,c,v,1-2.646,f,f,<3,t,s,160-272,<400,-
361,b,22.42-37.75,<2.75,u,g,i,bb,<1,f,f,<3,t,g,>272,>3000,-
362,b,22.42-37.75,<2.75,u,g,i,bb,>2.646,f,f,<3,t,s,>272,<400,-
363,b,>37.75,2.75-7.3125,u,g,i,bb,1-2.646,f,f,<3,t,g,<160,<400,-
364,a,22.42-37.75,2.75-7.3125,u,g,c,v,<1,f,f,<3,f,g,160,<400,-
365,a,22.42-37.75,<2.75,y,p,i,bb,>2.646,f,f,<3,f,g,160-272,400-3000,-
366,a,>37.75,2.75-7.3125,y,p,ff,ff,>2.646,f,f,<3,t,g,<160,<400,-
367,b,<22.42,>7.3125,u,g,k,v,1-2.646,f,f,<3,t,g,<160,400-3000,-
368,b,22.42-37.75,2.75-7.3125,y,p,c,v,1-2.646,f,f,<3,t,g,<160,<400,-
369,b,22.42-37.75,<2.75,y,p,aa,v,<1,f,f,<3,t,g,<160,<400,-
370,b,<22.42,<2.75,u,g,c,v,<1,f,f,<3,t,s,<160,<400,-
371,b,22.42-37.75,>7.3125,u,g,i,bb,<1,f,f,<3,t,g,160-272,<400,-
372,b,22.42-37.75,<2.75,u,g,m,v,<1,f,f,<3,f,s,<160,<400,-
373,b,<22.42,2.75-7.3125,u,g,e,v,<1,f,f,<3,f,g,>272,<400,-
374,b,>37.75,2.75-7.3125,u,g,i,bb,<1,f,f,<3,f,g,>272,<400,-
375,b,22.42-37.75,>7.3125,u,g,aa,bb,<1,f,f,<3,t,g,>272,<400,-
376,b,22.42-37.75,<2.75,u,g,m,v,<1,f,f,<3,t,g,<160,<400,-
377,b,>37.75,<2.75,y,p,w,v,<1,f,f,<3,f,g,<160,<400,-
378,a,22.42-37.75,<2.75,u,g,d,v,<1,f,f,<3,t,g,<160,<400,-
379,b,22.42-37.75,<2.75,y,p,x,h,<1,f,f,<3,f,g,<160,<400,-
380,a,22.42-37.75,<2.75,y,p,ff,ff,<1,f,f,<3,f,g,<160,<400,-
381,b,22.42-37.75,>7.3125,y,p,k,h,1-2.646,f,f,<3,t,g,<160,<400,-
382,b,22.42-37.75,<2.75,u,g,c,v,<1,f,f,<3,f,g,>272,<400,-
383,b,<22.42,2.75-7.3125,y,p,j,v,<1,f,f,<3,f,g,<160,<400,-
384,b,22.42-37.75,<2.75,u,g,c,v,<1,f,f,<3,f,g,160-272,<400,-
385,a,>37.75,2.75-7.3125,u,g,i,bb,>2.646,f,f,<3,t,g,<160,<400,-
386,a,22.42-37.75,<2.75,u,g,q,v,<1,f,f,<3,f,s,160,<400,-
387,b,22.42-37.75,2.75-7.3125,y,p,i,bb,1-2.646,f,f,<3,t,g,>272,<400,-
388,a,>37.75,2.75-7.3125,u,g,ff,ff,<1,f,f,<3,f,s,<160,<400,-
389,a,>37.75,>7.3125,y,p,k,v,<1,f,t,<3,f,g,160,<400,-
390,a,<22.42,<2.75,y,p,c,v,<1,f,t,<3,f,g,>272,<400,-
391,b,<22.42,2.75-7.3125,u,g,w,v,<1,f,t,<3,f,g,<160,<400,-
392,b,<22.42,<2.75,u,g,q,v,<1,f,t,3-7,f,g,160,<400,-
393,b,22.42-37.75,2.75-7.3125,u,g,ff,ff,<1,f,t,3-7,f,g,160-272,<400,-
394,b,22.42-37.75,2.75-7.3125,u,g,c,v,1-2.646,f,t,<3,f,g,<160,<400,-
395,a,22.42-37.75,<2.75,u,g,i,v,<1,f,f,<3,f,g,<160,<400,-
396,b,>37.75,<2.75,u,g,i,bb,<1,f,f,<3,f,s,>272,<400,-
397,b,<22.42,<2.75,u,g,k,v,<1,f,f,<3,t,g,>272,<400,-
398,a,<22.42,<2.75,y,p,ff,ff,>2.646,f,f,<3,f,g,>272,<400,-
399,b,22.42-37.75,<2.75,y,p,k,v,<1,f,f,<3,f,g,160-272,<400,-
400,b,22.42-37.75,<2.75,u,g,c,v,<1,f,f,<3,t,g,<160,<400,-
401,b,>37.75,<2.75,u,g,c,v,<1,f,t,<3,f,g,160-272,400-3000,-
402,a,22.42-37.75,<2.75,y,p,ff,ff,<1,f,f,<3,t,g,160-272,<400,-
403,b,22.42-37.75,<2.75,u,g,i,v,<1,f,f,<3,t,g,160-272,<400,-
404,b,<22.42,<2.75,u,g,q,v,1-2.646,f,f,<3,f,g,<160,<400,-
405,b,22.42-37.75,<2.75,u,g,w,v,1-2.646,f,f,<3,f,g,160-272,<400,-
406,b,22.42-37.75,<2.75,u,g,cc,v,1-2.646,f,f,<3,f,g,<160,<400,-
407,b,22.42-37.75,<2.75,u,g,c,v,1-2.646,f,f,<3,f,p,<160,<400,-
408,b,22.42-37.75,<2.75,u,g,c,v,<1,f,f,<3,f,g,<160,<400,-
409,a,22.42-37.75,<2.75,u,g,w,v,<1,f,f,<3,t,g,160-272,<400,-
410,b,22.42-37.75,<2.75,u,g,e,v,<1,f,f,<3,f,g,<160,<400,-
411,b,>37.75,<2.75,u,g,ff,ff,<1,f,f,<3,f,g,160-272,<400,-
412,b,22.42-37.75,<2.75,y,p,cc,v,<1,f,f,<3,f,g,160-272,<400,-
413,b,>37.75,2.75-7.3125,y,p,ff,ff,1-2.646,f,f,<3,f,g,160-272,<400,-
414,b,22.42-37.75,2.75-7.3125,y,p,c,v,<1,f,f,<3,f,g,160,400-3000,-
415,b,<22.42,<2.75,u,g,k,v,<1,f,f,<3,t,g,>272,<400,-
416,b,22.42-37.75,<2.75,u,g,aa,v,<1,f,f,<3,f,g,160-272,<400,-
417,b,>37.75,<2.75,u,g,c,v,1-2.646,f,f,<3,t,g,>272,<400,-
418,b,<22.42,<2.75,y,p,ff,ff,<1,f,t,3-7,f,g,<160,<400,-
419,b,<22.42,<2.75,u,g,ff,ff,<1,f,t,>7,f,g,>272,400-3000,-
420,a,>37.75,<2.75,u,g,ff,ff,<1,f,f,<3,t,s,<160,<400,-
421,a,22.42-37.75,<2.75,u,g,ff,ff,<1,f,t,<3,f,g,<160,<400,-
422,b,22.42-37.75,<2.75,u,g,k,v,<1,f,t,<3,t,g,160-272,<400,-
423,b,22.42-37.75,<2.75,u,g,k,v,<1,f,t,>7,f,s,<160,<400,-
424,b,>37.75,2.75-7.3125,u,g,ff,ff,<1,f,t,<3,f,g,<160,<400,-
425,b,22.42-37.75,<2.75,y,p,m,v,<1,f,f,<3,t,s,<160,<400,-
426,b,<22.42,2.75-7.3125,u,g,k,v,<1,f,f,<3,t,g,160,<400,-
427,a,<22.42,<2.75,y,p,j,ff,<1,f,f,<3,f,g,<160,<400,-
428,a,22.42-37.75,>7.3125,u,g,ff,ff,<1,f,f,<3,f,g,160,>3000,-
429,b,<22.42,<2.75,u,g,c,v,<1,f,f,<3,f,g,<160,<400,-
430,a,22.42-37.75,<2.75,u,g,ff,ff,<1,f,f,<3,f,g,>272,<400,-
431,b,22.42-37.75,<2.75,u,g,ff,ff,<1,f,t,<3,f,g,<160,<400,-
432,b,<22.42,2.75-7.3125,u,g,c,v,<1,f,f,<3,f,g,<160,<400,-
433,b,22.42-37.75,2.75-7.3125,y,p,i,bb,>2.646,f,f,<3,f,g,<160,<400,-
434,b,>37.75,<2.75,u,g,c,v,1-2.646,f,f,<3,f,g,<160,<400,-
435,b,22.42-37.75,2.75-7.3125,u,g,q,v,>2.646,f,f,<3,f,g,>272,<400,-
436,b,>37.75,<2.75,u,g,d,v,>2.646,f,f,<3,t,g,<160,<400,-
437,b,22.42-37.75,>7.3125,u,g,w,v,<1,f,f,<3,f,g,>272,>3000,-
438,b,22.42-37.75,<2.75,y,p,c,v,<1,f,f,<3,f,g,160-272,<400,-
439,b,22.42-37.75,2.75-7.3125,u,g,i,bb,>2.646,f,f,<3,f,g,160-272,400-3000,-
440,b,22.42-37.75,<2.75,y,p,c,v,1-2.646,f,f,<3,t,g,160,<400,-
441,a,22.42-37.75,<2.75,y,p,c,v,<1,f,f,<3,f,g,<160,<400,-
442,b,22.42-37.75,<2.75,u,g,m,v,<1,f,t,3-7,f,g,160-272,400-3000,-
443,b,<22.42,<2.75,u,g,c,v,<1,f,f,<3,f,g,>272,<400,-
444,a,22.42-37.75,<2.75,u,g,ff,ff,<1,f,t,>7,f,g,160-272,<400,-
445,a,22.42-37.75,<2.75,u,g,j,j,<1,f,t,<3,f,g,160-272,<400,-
446,a,22.42-37.75,2.75-7.3125,u,g,m,v,>2.646,f,t,<3,t,g,>272,<400,-
447,b,22.42-37.75,2.75-7.3125,u,g,c,v,1-2.646,f,t,<3,t,g,160,<400,-
448,a,22.42-37.75,<2.75,u,g,w,h,<1,f,t,>7,f,g,<160,<400,-
449,b,<22.42,<2.75,u,g,k,v,<1,f,f,<3,f,g,160-272,<400,-
450,b,<22.42,2.75-7.3125,u,g,i,h,<1,f,f,<3,t,g,<160,<400,-
451,a,<22.42,>7.3125,u,g,k,h,<1,f,f,<3,f,g,>272,<400,-
452,b,<22.42,2.75-7.3125,y,p,i,h,<1,f,f,<3,f,g,<160,<400,-
453,b,<22.42,2.75-7.3125,u,g,i,v,<1,f,f,<3,f,g,<160,<400,-
454,b,<22.42,2.75-7.3125,y,p,i,v,<1,f,f,<3,t,g,>272,400-3000,-
455,b,<22.42,<2.75,u,g,c,v,<1,f,f,<3,f,g,<160,<400,-
456,b,22.42-37.75,<2.75,u,g,d,v,<1,f,f,<3,t,g,<160,<400,-
457,b,22.42-37.75,<2.75,u,g,i,h,<1,f,f,<3,t,g,160-272,<400,-
458,b,>37.75,<2.75,y,p,i,h,>2.646,f,f,<3,t,s,160-272,<400,-
459,b,22.42-37.75,>7.3125,u,g,i,v,<1,f,f,<3,f,g,<160,<400,-
460,a,<22.42,<2.75,u,g,i,v,<1,f,t,3-7,t,g,160-272,<400,-
461,b,22.42-37.75,2.75-7.3125,y,p,k,v,<1,f,t,<3,t,g,>272,<400,-
462,a,<22.42,>7.3125,u,g,aa,v,1-2.646,f,t,>7,t,g,<160,<400,-
463,b,22.42-37.75,<2.75,y,p,c,v,<1,f,t,<3,f,g,<160,<400,-
464,b,22.42-37.75,<2.75,u,g,m,v,1-2.646,f,f,<3,f,s,<160,<400,-
465,b,>37.75,>7.3125,y,p,ff,ff,<1,f,t,<3,f,g,<160,<400,-
466,b,22.42-37.75,<2.75,y,p,k,v,<1,f,f,<3,f,g,160-272,400-3000,-
467,b,22.42-37.75,>7.3125,y,p,aa,v,<1,f,f,<3,t,g,<160,400-3000,-
468,b,<22.42,2.75-7.3125,y,p,ff,ff,<1,f,f,<3,t,g,160-272,<400,-
469,a,>37.75,<2.75,u,g,q,h,>2.646,t,t,<3,f,g,>272,400-3000,+
470,b,22.42-37.75,<2.75,u,g,q,v,>2.646,t,t,<3,t,g,>272,400-3000,+
471,b,>37.75,>7.3125,u,g,m,v,>2.646,t,t,>7,f,g,160-272,>3000,+
472,a,<22.42,>7.3125,u,g,c,h,>2.646,t,f,<3,f,g,>272,<400,+
473,a,<22.42,2.75-7.3125,y,p,c,h,>2.646,t,f,<3,f,g,160-272,<400,+
474,b,<22.42,>7.3125,u,g,w,v,1-2.646,t,f,<3,f,g,<160,400-3000,+
475,a,22.42-37.75,<2.75,u,g,x,h,1-2.646,t,f,<3,t,g,160,>3000,+
476,b,<22.42,>7.3125,u,g,c,v,1-2.646,t,t,>7,t,g,<160,<400,+
477,b,22.42-37.75,<2.75,u,g,c,v,1-2.646,t,t,3-7,t,g,>272,<400,+
478,b,<22.42,2.75-7.3125,u,g,c,v,1-2.646,t,t,>7,f,g,160-272,400-3000,+
479,b,22.42-37.75,2.75-7.3125,u,g,x,v,>2.646,t,t,>7,t,g,>272,400-3000,+
480,b,>37.75,2.75-7.3125,u,g,cc,v,>2.646,t,t,>7,t,g,<160,<400,+
481,a,>37.75,<2.75,u,g,ff,ff,<1,t,t,<3,f,g,160-272,<400,+
482,b,22.42-37.75,2.75-7.3125,u,g,x,v,>2.646,t,t,<3,f,g,>272,<400,+
483,a,22.42-37.75,2.75-7.3125,u,g,c,v,1-2.646,t,t,<3,t,g,>272,<400,+
484,b,22.42-37.75,>7.3125,u,g,c,v,>2.646,t,t,>7,f,g,<160,>3000,+
485,a,<22.42,>7.3125,u,g,aa,v,<1,t,t,<3,f,g,<160,400-3000,+
486,a,22.42-37.75,2.75-7.3125,u,g,q,h,1-2.646,t,t,>7,f,g,<160,400-3000,+
487,a,22.42-37.75,>7.3125,u,g,c,v,1-2.646,t,t,<3,f,g,160-272,<400,+
488,b,<22.42,2.75-7.3125,y,p,w,v,1-2.646,t,t,<3,t,g,<160,<400,+
489,b,<22.42,2.75-7.3125,y,p,w,v,1-2.646,t,t,<3,t,g,<160,400-3000,+
490,a,>37.75,2.75-7.3125,u,g,j,j,<1,t,f,<3,f,g,<160,400-3000,+
491,a,>37.75,<2.75,u,g,c,v,1-2.646,t,f,<3,f,g,<160,<400,+
492,b,22.42-37.75,<2.75,y,p,c,h,1-2.646,t,f,<3,f,g,<160,<400,+
493,b,22.42-37.75,>7.3125,u,g,x,v,>2.646,t,f,<3,f,g,<160,<400,+
494,a,>37.75,2.75-7.3125,u,g,aa,v,>2.646,t,t,3-7,f,g,<160,<400,+
495,b,<22.42,<2.75,u,g,c,v,1-2.646,t,t,3-7,t,g,>272,400-3000,+
496,a,22.42-37.75,<2.75,u,g,q,v,<1,t,t,3-7,f,g,<160,<400,+
497,b,>37.75,<2.75,u,g,x,v,<1,t,t,3-7,t,g,>272,<400,+
498,b,22.42-37.75,2.75-7.3125,u,g,m,v,1-2.646,t,t,<3,f,g,160-272,400-3000,+
499,a,22.42-37.75,>7.3125,u,g,q,v,1-2.646,t,t,>7,f,g,<160,400-3000,-
500,a,22.42-37.75,<2.75,u,g,q,v,1-2.646,t,f,<3,t,g,>272,<400,-
501,b,>37.75,<2.75,u,g,c,v,1-2.646,t,f,<3,t,g,<160,<400,-
502,b,>37.75,<2.75,u,g,k,v,<1,t,f,<3,f,g,160,<400,-
503,a,>37.75,<2.75,u,g,i,bb,<1,t,f,<3,t,g,160-272,400-3000,-
504,a,>37.75,2.75-7.3125,u,g,k,h,>2.646,t,t,>7,t,g,<160,<400,-
505,b,>37.75,>7.3125,u,g,q,h,<1,t,t,<3,f,g,>272,<400,-
506,a,22.42-37.75,<2.75,u,g,c,h,>2.646,t,f,<3,t,g,>272,<400,-
507,a,22.42-37.75,<2.75,u,g,aa,h,1-2.646,t,f,<3,f,g,>272,<400,-
508,b,>37.75,<2.75,u,g,i,bb,<1,t,f,<3,f,g,>272,<400,-
509,b,>37.75,<2.75,u,g,ff,ff,<1,t,f,<3,f,g,<160,<400,-
510,b,22.42-37.75,<2.75,u,g,aa,v,>2.646,t,f,<3,t,g,>272,<400,-
511,a,22.42-37.75,<2.75,y,p,ff,ff,<1,t,f,<3,f,g,>272,<400,-
512,a,22.42-37.75,<2.75,u,g,ff,ff,<1,t,f,<3,f,g,<160,<400,-
513,b,22.42-37.75,2.75-7.3125,u,g,x,h,>2.646,t,f,<3,t,g,>272,<400,-
514,b,22.42-37.75,<2.75,u,g,w,bb,<1,t,f,<3,t,g,160-272,<400,-
515,b,<22.42,<2.75,y,p,cc,v,1-2.646,t,f,<3,t,g,<160,<400,-
516,b,>37.75,2.75-7.3125,u,g,i,bb,<1,t,f,<3,f,g,<160,<400,-
517,b,<22.42,>7.3125,y,p,k,h,<1,t,f,<3,t,g,<160,<400,-
518,b,22.42-37.75,2.75-7.3125,u,g,w,v,1-2.646,t,f,<3,t,g,160-272,<400,-
519,b,22.42-37.75,<2.75,y,p,i,bb,<1,t,t,>7,t,g,<160,<400,-
520,b,>37.75,>7.3125,y,p,d,v,1-2.646,t,f,<3,f,s,<160,<400,-
521,b,22.42-37.75,<2.75,y,p,w,v,1-2.646,t,t,3-7,t,g,160-272,<400,-
522,b,22.42-37.75,<2.75,u,g,d,h,1-2.646,t,t,3-7,f,g,160-272,<400,+
523,b,22.42-37.75,<2.75,u,g,x,v,<1,t,t,3-7,t,g,>272,>3000,+
524,b,>37.75,>7.3125,u,g,m,v,>2.646,t,f,<3,f,s,<160,<400,+
525,b,>37.75,>7.3125,u,g,e,z,>2.646,t,t,<3,t,g,<160,<400,+
526,b,>37.75,>7.3125,u,g,i,bb,<1,t,t,>7,f,g,<160,400-3000,+
527,b,>37.75,2.75-7.3125,u,g,w,v,>2.646,t,t,>7,f,g,>272,400-3000,+
528,a,22.42,>7.3125,y,p,x,h,<1,t,t,3-7,f,g,<160,<400,+
529,b,>37.75,<2.75,u,g,c,h,<1,t,t,3-7,f,g,160-272,400-3000,+
530,b,22.42-37.75,2.75-7.3125,u,g,w,v,>2.646,t,t,<3,t,g,>272,<400,+
531,a,22.42-37.75,<2.75,u,g,w,v,1-2.646,t,t,>7,f,g,<160,400-3000,+
532,b,>37.75,<2.75,u,g,x,h,<1,t,f,<3,f,g,<160,400-3000,+
533,a,22.42-37.75,<2.75,u,g,q,h,1-2.646,t,t,3-7,t,g,<160,400-3000,+
534,a,22.42-37.75,>7.3125,u,g,cc,h,>2.646,t,t,3-7,f,g,>272,400-3000,+
535,b,22.42-37.75,<2.75,u,g,x,h,1-2.646,t,f,<3,f,g,<160,>3000,+
536,b,22.42-37.75,<2.75,u,g,c,h,1-2.646,t,f,<3,f,g,>272,<400,+
537,b,22.42-37.75,>7.3125,u,g,q,h,1-2.646,t,f,<3,t,g,<160,<400,+
538,b,>37.75,2.75-7.3125,u,g,q,h,>2.646,t,f,<3,t,g,<160,<400,+
539,a,<22.42,2.75-7.3125,u,g,aa,v,<1,t,f,<3,f,g,<160,<400,+
540,b,22.42-37.75,>7.3125,u,g,w,h,1-2.646,t,t,>7,t,g,>272,<400,+
541,a,22.42-37.75,2.75-7.3125,u,g,x,h,<1,t,f,<3,f,g,>272,<400,+
542,b,>37.75,<2.75,y,p,c,v,<1,t,t,>7,t,g,>272,<400,+
543,a,22.42-37.75,<2.75,u,g,aa,v,<1,t,t,3-7,f,g,<160,400-3000,+
544,b,>37.75,2.75,u,g,w,v,1-2.646,t,t,3-7,t,g,<160,<400,+
545,b,<22.42,2.75-7.3125,y,p,d,v,1-2.646,t,t,>7,t,g,160,<400,+
546,b,<22.42,<2.75,y,p,x,v,<1,t,t,<3,t,g,>272,<400,+
547,a,>37.75,>7.3125,u,g,ff,ff,<1,t,t,>7,t,g,<160,400-3000,+
548,a,<22.42,>7.3125,u,g,c,h,<1,t,t,3-7,f,g,<160,400-3000,+
549,b,22.42-37.75,<2.75,y,p,c,h,>2.646,t,t,<3,t,g,>272,>3000,+
550,b,22.42-37.75,<2.75,u,g,c,v,1-2.646,t,t,>7,f,g,<160,400-3000,+
551,b,22.42-37.75,2.75-7.3125,u,g,c,v,<1,t,t,>7,f,g,<160,<400,+
552,b,>37.75,<2.75,u,g,c,v,1-2.646,t,t,>7,f,g,160-272,>3000,+
553,b,>37.75,2.75-7.3125,u,g,m,v,1-2.646,t,t,3-7,t,g,<160,400-3000,+
554,b,22.42-37.75,<2.75,u,g,x,v,1-2.646,t,t,>7,t,g,>272,>3000,+
555,b,>37.75,<2.75,u,g,e,v,<1,f,t,<3,f,s,>272,<400,+
556,b,>37.75,2.75-7.3125,u,g,m,v,<1,t,f,<3,t,g,160-272,<400,+
557,b,22.42-37.75,>7.3125,y,p,w,h,>2.646,t,f,<3,t,g,<160,<400,+
558,a,22.42-37.75,>7.3125,y,p,e,z,<1,t,f,<3,f,g,<160,>3000,+
559,b,>37.75,>7.3125,u,g,ff,ff,<1,t,f,<3,t,g,<160,<400,+
560,b,>37.75,>7.3125,u,g,x,h,>2.646,t,t,>7,t,g,<160,400-3000,+
561,b,>37.75,>7.3125,u,g,c,v,>2.646,t,t,>7,f,g,<160,<400,+
562,b,22.42-37.75,<2.75,y,p,c,v,<1,t,t,3-7,t,g,160,>3000,+
563,b,22.42-37.75,<2.75,u,g,c,v,<1,t,t,3-7,t,g,<160,>3000,+
564,b,22.42-37.75,2.75-7.3125,u,g,cc,v,>2.646,t,t,>7,f,g,>272,400-3000,+
565,b,22.42-37.75,<2.75,u,g,c,h,>2.646,t,t,>7,t,g,>272,<400,+
566,b,22.42-37.75,2.75-7.3125,u,g,w,v,<1,f,f,<3,t,g,>272,<400,+
567,b,>37.75,<2.75,u,g,k,v,<1,t,f,<3,t,g,>272,<400,+
568,b,22.42-37.75,<2.75,u,g,c,bb,<1,t,f,<3,f,g,>272,<400,+
569,a,>37.75,2.75-7.3125,u,g,c,v,1-2.646,t,t,>7,t,g,>272,>3000,+
570,a,<22.42,2.75-7.3125,u,g,aa,v,1-2.646,t,t,>7,f,g,<160,400-3000,+
571,b,<22.42,<2.75,u,g,c,v,1-2.646,t,t,>7,t,g,160-272,400-3000,+
572,a,22.42-37.75,<2.75,u,g,k,v,<1,t,t,3-7,f,g,>272,400-3000,+
573,b,22.42-37.75,<2.75,y,p,k,v,<1,f,f,<3,f,g,160-272,<400,-
574,b,<22.42,<2.75,u,g,q,v,<1,f,f,<3,f,g,160-272,<400,-
575,b,22.42-37.75,<2.75,u,g,c,h,<1,t,f,<3,f,g,160-272,<400,-
576,a,22.42-37.75,<2.75,y,p,k,v,1-2.646,f,f,<3,t,g,>272,<400,-
577,b,<22.42,<2.75,u,g,c,v,<1,f,f,<3,f,g,<160,<400,+
578,b,22.42-37.75,2.75-7.3125,u,g,k,v,<1,f,f,<3,t,g,160-272,<400,-
579,b,22.42-37.75,<2.75,y,p,d,v,>2.646,f,f,<3,t,g,>272,<400,-
580,b,>37.75,2.75-7.3125,u,g,x,bb,<1,f,f,<3,t,g,>272,<400,-
581,b,<22.42,<2.75,y,p,k,v,<1,f,f,<3,f,g,<160,<400,-
582,b,22.42-37.75,2.75-7.3125,y,p,q,h,>2.646,f,t,<3,t,g,>272,<400,-
583,b,<22.42,<2.75,u,g,w,v,<1,f,t,<3,f,g,>272,<400,-
584,b,<22.42,>7.3125,u,g,c,bb,<1,f,t,<3,t,g,160-272,<400,-
585,a,>37.75,2.75-7.3125,u,g,c,v,<1,f,f,<3,f,g,160,<400,-
586,b,22.42-37.75,<2.75,u,g,c,h,<1,f,t,<3,t,g,>272,<400,-
587,b,22.42-37.75,<2.75,u,g,i,v,1-2.646,f,t,<3,t,g,>272,<400,-
588,b,22.42-37.75,>7.3125,y,p,ff,ff,<1,f,t,<3,f,g,160,<400,-
589,b,22.42-37.75,2.75-7.3125,u,g,m,v,1-2.646,f,t,<3,t,g,>272,<400,-
590,b,<22.42,>7.3125,y,p,aa,v,<1,t,f,<3,f,g,<160,<400,-
591,b,<22.42,<2.75,u,g,i,v,<1,f,f,<3,f,g,160,<400,-
592,b,22.42-37.75,<2.75,u,g,c,j,1-2.646,f,f,<3,t,s,<160,<400,+
593,b,<22.42,<2.75,u,g,q,v,<1,f,f,<3,f,g,160,<400,-
594,b,<22.42,<2.75,y,p,cc,v,<1,f,f,<3,f,g,160,<400,-
595,b,22.42-37.75,>7.3125,u,g,c,v,1-2.646,f,f,<3,f,s,<160,<400,-
596,b,<22.42,>7.3125,y,p,i,bb,<1,f,f,<3,t,g,160,<400,-
597,b,22.42-37.75,<2.75,u,g,ff,ff,<1,f,f,<3,f,g,<160,400-3000,-
598,b,22.42-37.75,>7.3125,u,g,d,h,<1,f,f,<3,f,g,160-272,<400,-
599,a,<22.42,<2.75,u,g,w,v,1-2.646,f,f,<3,f,g,160-272,<400,-
600,a,22.42-37.75,<2.75,u,g,q,v,<1,f,f,<3,t,g,<160,400-3000,-
601,a,22.42-37.75,<2.75,u,g,m,h,<1,f,t,<3,t,g,160-272,<400,-
602,a,>37.75,<2.75,u,g,ff,ff,<1,f,f,<3,f,g,<160,<400,-
603,b,22.42-37.75,<2.75,y,p,k,ff,<1,f,f,<3,f,g,<160,<400,-
604,a,22.42-37.75,<2.75,u,g,w,v,<1,f,t,<3,t,g,160-272,<400,-
605,b,>37.75,<2.75,y,p,m,v,<1,f,f,<3,t,g,<160,<400,-
606,b,<22.42,>7.3125,u,g,aa,v,<1,f,f,<3,f,g,<160,<400,-
607,b,22.42-37.75,2.75-7.3125,u,g,aa,v,<1,f,f,<3,t,g,<160,<400,-
608,b,22.42-37.75,<2.75,u,g,k,v,1-2.646,f,f,<3,t,g,160-272,<400,-
609,b,22.42-37.75,2.75,u,g,i,bb,1-2.646,f,f,<3,t,g,160-272,<400,-
610,b,22.42-37.75,<2.75,y,p,aa,v,>2.646,f,f,<3,t,g,>272,<400,-
611,a,>37.75,2.75-7.3125,u,g,aa,h,>2.646,f,f,<3,f,g,<160,<400,-
612,b,22.42-37.75,<2.75,y,p,w,v,<1,f,f,<3,t,g,>272,<400,-
613,b,22.42-37.75,<2.75,u,g,cc,v,<1,f,f,<3,t,g,<160,400-3000,-
614,a,<22.42,>7.3125,u,g,c,v,<1,f,f,<3,f,g,<160,<400,-
615,b,22.42-37.75,>7.3125,u,g,aa,v,<1,f,f,<3,t,g,<160,<400,-
616,b,22.42-37.75,<2.75,u,g,k,h,>2.646,f,f,<3,t,g,>272,<400,-
617,a,22.42-37.75,2.75-7.3125,u,g,ff,ff,<1,f,t,3-7,f,g,<160,<400,-
618,b,>37.75,2.75-7.3125,u,g,i,bb,<1,f,f,<3,f,g,<160,<400,-
619,a,<22.42,>7.3125,u,g,q,v,<1,f,t,<3,t,g,<160,<400,-
620,a,22.42-37.75,<2.75,u,g,i,v,<1,f,f,<3,t,s,<160,<400,-
621,b,<22.42,>7.3125,u,g,i,v,<1,t,f,<3,t,g,<160,<400,-
622,a,22.42-37.75,<2.75,u,g,q,v,<1,f,t,<3,t,g,160-272,<400,-
623,a,<22.42,2.75-7.3125,y,p,ff,ff,<1,f,f,<3,f,g,<160,<400,-
624,b,22.42-37.75,2.75-7.3125,u,g,c,h,1-2.646,f,t,<3,t,g,>272,<400,-
625,a,>37.75,<2.75,u,g,aa,v,<1,f,f,<3,f,g,<160,<400,-
626,a,<22.42,<2.75,u,g,c,v,<1,f,f,<3,f,g,<160,<400,-
627,a,22.42-37.75,2.75-7.3125,u,g,c,v,<1,f,t,<3,t,g,<160,<400,-
628,b,<22.42,>7.3125,u,g,aa,v,<1,f,f,<3,f,g,<160,<400,-
629,b,22.42-37.75,2.75-7.3125,u,g,c,v,<1,f,f,<3,f,g,160-272,<400,-
630,a,22.42-37.75,<2.75,u,g,w,v,<1,f,f,<3,t,g,160,<400,-
631,b,22.42-37.75,2.75-7.3125,y,p,cc,v,1-2.646,f,f,<3,t,g,<160,<400,-
632,b,22.42-37.75,<2.75,y,p,w,v,<1,f,f,<3,f,s,160,<400,-
633,b,22.42-37.75,<2.75,y,p,m,v,<1,f,f,<3,f,g,<160,<400,-
634,a,<22.42,>7.3125,u,g,c,v,<1,f,f,<3,t,g,160-272,<400,-
635,a,<22.42,<2.75,u,g,c,v,1-2.646,f,t,<3,t,g,<160,<400,-
636,b,22.42-37.75,<2.75,u,g,d,h,<1,f,f,<3,t,s,160-272,<400,-
637,b,>37.75,<2.75,y,p,ff,ff,1-2.646,f,f,<3,f,g,<160,<400,-
638,b,>37.75,2.75-7.3125,u,g,w,v,>2.646,f,f,<3,f,g,>272,<400,-
639,b,22.42-37.75,>7.3125,u,g,cc,v,<1,f,f,<3,f,g,<160,<400,-
640,a,>37.75,<2.75,u,g,aa,v,<1,f,f,<3,t,g,160-272,<400,-
641,a,22.42-37.75,<2.75,u,g,i,h,<1,f,f,<3,f,g,160-272,<400,-
642,a,>37.75,<2.75,u,g,aa,v,<1,f,f,<3,f,g,160-272,<400,-
643,a,22.42-37.75,>7.3125,u,g,q,h,<1,f,t,>7,t,g,<160,<400,-
644,b,<22.42,2.75-7.3125,u,g,m,v,<1,f,t,<3,f,g,<160,<400,-
645,a,<22.42,>7.3125,u,g,ff,ff,<1,f,f,<3,f,g,<160,<400,-
646,a,<22.42,<2.75,u,g,c,v,<1,f,f,<3,f,g,<160,<400,-
647,b,<22.42,<2.75,u,g,k,v,<1,f,f,<3,f,g,>272,<400,-
648,b,22.42-37.75,<2.75,y,p,d,h,>2.646,f,f,<3,f,g,160-272,400-3000,-
649,b,<22.42,2.75-7.3125,u,g,i,v,<1,f,f,<3,t,g,<160,<400,-
650,b,22.42-37.75,<2.75,y,p,d,v,<1,f,f,<3,f,g,160-272,<400,-
651,b,>37.75,2.75-7.3125,u,g,m,v,>2.646,f,f,<3,t,s,>272,<400,-
652,b,<22.42,>7.3125,y,p,e,h,1-2.646,f,f,<3,f,g,160-272,<400,-
653,a,22.42-37.75,<2.75,u,g,c,v,1-2.646,f,t,<3,t,g,160-272,<400,-
654,a,22.42-37.75,>7.3125,y,p,ff,ff,1-2.646,f,t,<3,t,g,160-272,<400,-
655,b,<22.42,<2.75,u,g,aa,v,<1,f,f,<3,f,g,>272,400-3000,-
656,b,22.42-37.75,2.75-7.3125,u,g,c,h,>2.646,f,f,<3,t,g,<160,<400,-
